"experiment","scenario","replicate","method","true_year","n_sightings","last_sighting","final_probability","estimated_year","date_error","absolute_date_error","no_threshold_crossing"
"extinction","constant observation effort",1,"Solow",2005,6,1999,0.11024051988071,2008,3,3,FALSE
"extinction","constant observation effort",1,"Kodikara",2005,6,1999,NA,NA,NA,NA,TRUE
"extinction","constant observation effort",1,"Effort_fixed_alpha",2005,6,1999,NA,NA,NA,NA,TRUE
"extinction","constant observation effort",2,"Solow",2005,3,1988,0.0769230766293701,1994,-11,11,FALSE
"extinction","constant observation effort",2,"Kodikara",2005,3,1988,0.180087448356975,1994,-11,11,FALSE
"extinction","constant observation effort",2,"Effort_fixed_alpha",2005,3,1988,0.0769230769230564,1994,-11,11,FALSE
"extinction","constant observation effort",3,"Solow",2005,6,2002,0.209472494106858,2012,7,7,FALSE
"extinction","constant observation effort",3,"Kodikara",2005,6,2002,0.181884536494005,2010,5,5,FALSE
"extinction","constant observation effort",3,"Effort_fixed_alpha",2005,6,2002,0.209472494175647,2012,7,7,FALSE
"extinction","constant observation effort",4,"Solow",2005,5,2002,0.287186830322261,2013,8,8,FALSE
"extinction","constant observation effort",4,"Kodikara",2005,5,2002,0.313135533113889,2013,8,8,FALSE
"extinction","constant observation effort",4,"Effort_fixed_alpha",2005,5,2002,0.28718683032321,2013,8,8,FALSE
"extinction","constant observation effort",5,"Solow",2005,4,2003,0.413215749244603,2017,12,12,FALSE
"extinction","constant observation effort",5,"Kodikara",2005,4,2003,0.315538040572215,2014,9,9,FALSE
"extinction","constant observation effort",5,"Effort_fixed_alpha",2005,4,2003,0.413215749315099,2017,12,12,FALSE
"extinction","constant observation effort",6,"Solow",2005,5,2002,0.287186830322261,2013,8,8,FALSE
"extinction","constant observation effort",6,"Kodikara",2005,5,2002,0.143689329876213,2009,4,4,FALSE
"extinction","constant observation effort",6,"Effort_fixed_alpha",2005,5,2002,0.28718683032321,2013,8,8,FALSE
"extinction","constant observation effort",7,"Solow",2005,4,1998,0.231232818790995,2009,4,4,FALSE
"extinction","constant observation effort",7,"Kodikara",2005,4,1998,0.267691135830302,2008,3,3,FALSE
"extinction","constant observation effort",7,"Effort_fixed_alpha",2005,4,1998,0.231232818777754,2009,4,4,FALSE
"extinction","constant observation effort",8,"Solow",2005,5,2003,0.329270900440851,2015,10,10,FALSE
"extinction","constant observation effort",8,"Kodikara",2005,5,2003,0.417913145931468,2017,12,12,FALSE
"extinction","constant observation effort",8,"Effort_fixed_alpha",2005,5,2003,0.329270900652827,2015,10,10,FALSE
"extinction","constant observation effort",9,"Solow",2005,3,2002,0.464491362681942,2019,14,14,FALSE
"extinction","constant observation effort",9,"Kodikara",2005,3,2002,0.566374027097013,NA,NA,NA,TRUE
"extinction","constant observation effort",9,"Effort_fixed_alpha",2005,3,2002,0.464491362763916,2019,14,14,FALSE
"extinction","constant observation effort",10,"Solow",2005,3,1996,0.275862068888683,2008,3,3,FALSE
"extinction","constant observation effort",10,"Kodikara",2005,3,1996,0.367027330737312,2010,5,5,FALSE
"extinction","constant observation effort",10,"Effort_fixed_alpha",2005,3,1996,0.275862068965517,2008,3,3,FALSE
"extinction","constant observation effort",11,"Solow",2005,2,1994,0.350000017197121,2009,4,4,FALSE
"extinction","constant observation effort",11,"Kodikara",2005,2,1994,0.13611658964534,1999,-6,6,FALSE
"extinction","constant observation effort",11,"Effort_fixed_alpha",2005,2,1994,0.35,2008,3,3,FALSE
"extinction","constant observation effort",12,"Solow",2005,4,1995,0.143109540731694,2004,-1,1,FALSE
"extinction","constant observation effort",12,"Kodikara",2005,4,1995,0.224675862747308,2004,-1,1,FALSE
"extinction","constant observation effort",12,"Effort_fixed_alpha",2005,4,1995,0.143109540636042,2004,-1,1,FALSE
"extinction","constant observation effort",13,"Solow",2005,2,1991,0.274999999929525,2003,-2,2,FALSE
"extinction","constant observation effort",13,"Kodikara",2005,2,1991,0.269406336768455,1999,-6,6,FALSE
"extinction","constant observation effort",13,"Effort_fixed_alpha",2005,2,1991,0.275,2002,-3,3,FALSE
"extinction","constant observation effort",14,"Solow",2005,3,2003,0.496946923322228,2020,15,15,FALSE
"extinction","constant observation effort",14,"Kodikara",2005,3,2003,0.433811681820593,2017,12,12,FALSE
"extinction","constant observation effort",14,"Effort_fixed_alpha",2005,3,2003,0.496946923438234,2020,15,15,FALSE
"extinction","constant observation effort",15,"Solow",2005,4,2001,0.336673856661248,2014,9,9,FALSE
"extinction","constant observation effort",15,"Kodikara",2005,4,2001,0.421558959191563,2016,11,11,FALSE
"extinction","constant observation effort",15,"Effort_fixed_alpha",2005,4,2001,0.336673856668525,2014,9,9,FALSE
"extinction","constant observation effort",16,"Solow",2005,2,2002,0.549999999909738,NA,NA,NA,TRUE
"extinction","constant observation effort",16,"Kodikara",2005,2,2002,0.473530076077222,2019,14,14,FALSE
"extinction","constant observation effort",16,"Effort_fixed_alpha",2005,2,2002,0.55,NA,NA,NA,TRUE
"extinction","constant observation effort",17,"Solow",2005,6,2001,0.171981837971002,2011,6,6,FALSE
"extinction","constant observation effort",17,"Kodikara",2005,6,2001,0.365620205381361,2014,9,9,FALSE
"extinction","constant observation effort",17,"Effort_fixed_alpha",2005,6,2001,0.17198183802164,2011,6,6,FALSE
"extinction","constant observation effort",18,"Solow",2005,5,1996,0.0950965824302658,2004,-1,1,FALSE
"extinction","constant observation effort",18,"Kodikara",2005,5,1996,0.175948820274838,2004,-1,1,FALSE
"extinction","constant observation effort",18,"Effort_fixed_alpha",2005,5,1996,0.0950965824665676,2004,-1,1,FALSE
"extinction","constant observation effort",19,"Solow",2005,2,2002,0.549999999909738,NA,NA,NA,TRUE
"extinction","constant observation effort",19,"Kodikara",2005,2,2002,0.408410871125711,2015,10,10,FALSE
"extinction","constant observation effort",19,"Effort_fixed_alpha",2005,2,2002,0.55,NA,NA,NA,TRUE
"extinction","constant observation effort",20,"Solow",2005,2,2004,0.599999999454316,NA,NA,NA,TRUE
"extinction","constant observation effort",20,"Kodikara",2005,2,2004,0.551831758346565,NA,NA,NA,TRUE
"extinction","constant observation effort",20,"Effort_fixed_alpha",2005,2,2004,0.6,NA,NA,NA,TRUE
"extinction","constant observation effort",21,"Solow",2005,5,1997,0.118867287434848,2006,1,1,FALSE
"extinction","constant observation effort",21,"Kodikara",2005,5,1997,0.0322177804139739,2002,-3,3,FALSE
"extinction","constant observation effort",21,"Effort_fixed_alpha",2005,5,1997,0.118867287443832,2006,1,1,FALSE
"extinction","constant observation effort",22,"Solow",2005,6,2001,0.171981837971002,2011,6,6,FALSE
"extinction","constant observation effort",22,"Kodikara",2005,6,2001,0.056472701404919,2007,2,2,FALSE
"extinction","constant observation effort",22,"Effort_fixed_alpha",2005,6,2001,0.17198183802164,2011,6,6,FALSE
"extinction","constant observation effort",23,"Solow",2005,2,1988,0.199999999850068,1997,-8,8,FALSE
"extinction","constant observation effort",23,"Kodikara",2005,2,1988,0.339902264227777,1997,-8,8,FALSE
"extinction","constant observation effort",23,"Effort_fixed_alpha",2005,2,1988,0.199999999999996,1996,-9,9,FALSE
"extinction","constant observation effort",24,"Solow",2005,4,1990,0.0454545457073001,1996,-9,9,FALSE
"extinction","constant observation effort",24,"Kodikara",2005,4,1990,NA,NA,NA,NA,TRUE
"extinction","constant observation effort",24,"Effort_fixed_alpha",2005,4,1990,NA,NA,NA,NA,TRUE
"extinction","constant observation effort",25,"Solow",2005,2,2002,0.549999999909738,NA,NA,NA,TRUE
"extinction","constant observation effort",25,"Kodikara",2005,2,2002,0.565974347788252,NA,NA,NA,TRUE
"extinction","constant observation effort",25,"Effort_fixed_alpha",2005,2,2002,0.55,NA,NA,NA,TRUE
"extinction","constant observation effort",26,"Solow",2005,5,2004,0.373271889406011,2016,11,11,FALSE
"extinction","constant observation effort",26,"Kodikara",2005,5,2004,0.429345917759042,2017,12,12,FALSE
"extinction","constant observation effort",26,"Effort_fixed_alpha",2005,5,2004,0.373271889400922,2016,11,11,FALSE
"extinction","constant observation effort",27,"Solow",2005,2,1982,0.0499999998279228,1985,-20,20,FALSE
"extinction","constant observation effort",27,"Kodikara",2005,2,1982,NA,NA,NA,NA,TRUE
"extinction","constant observation effort",27,"Effort_fixed_alpha",2005,2,1982,NA,NA,NA,NA,TRUE
"extinction","constant observation effort",28,"Solow",2005,3,2000,0.399999999928732,2015,10,10,FALSE
"extinction","constant observation effort",28,"Kodikara",2005,3,2000,0.142141570853424,2007,2,2,FALSE
"extinction","constant observation effort",28,"Effort_fixed_alpha",2005,3,2000,0.4,2015,10,10,FALSE
"extinction","constant observation effort",29,"Solow",2005,3,2004,0.529411764584833,NA,NA,NA,TRUE
"extinction","constant observation effort",29,"Kodikara",2005,3,2004,0.399945811901495,2016,11,11,FALSE
"extinction","constant observation effort",29,"Effort_fixed_alpha",2005,3,2004,0.529411764705882,NA,NA,NA,TRUE
"extinction","constant observation effort",30,"Solow",2005,2,1997,0.424999999941026,2015,10,10,FALSE
"extinction","constant observation effort",30,"Kodikara",2005,2,1997,0.0795714445603372,2001,-4,4,FALSE
"extinction","constant observation effort",30,"Effort_fixed_alpha",2005,2,1997,0.425,2014,9,9,FALSE
"extinction","constant observation effort",31,"Solow",2005,2,1999,0.474999999934083,2019,14,14,FALSE
"extinction","constant observation effort",31,"Kodikara",2005,2,1999,0.24651429796626,2007,2,2,FALSE
"extinction","constant observation effort",31,"Effort_fixed_alpha",2005,2,1999,0.475,2018,13,13,FALSE
"extinction","constant observation effort",32,"Solow",2005,3,1995,0.24657534248521,2006,1,1,FALSE
"extinction","constant observation effort",32,"Kodikara",2005,3,1995,0.0909181059666155,2000,-5,5,FALSE
"extinction","constant observation effort",32,"Effort_fixed_alpha",2005,3,1995,0.246575342465753,2006,1,1,FALSE
"extinction","constant observation effort",33,"Solow",2005,2,1988,0.199999999850068,1997,-8,8,FALSE
"extinction","constant observation effort",33,"Kodikara",2005,2,1988,0.385401953549822,2000,-5,5,FALSE
"extinction","constant observation effort",33,"Effort_fixed_alpha",2005,2,1988,0.199999999999996,1996,-9,9,FALSE
"extinction","constant observation effort",34,"Solow",2005,2,2003,0.574999999209213,NA,NA,NA,TRUE
"extinction","constant observation effort",34,"Kodikara",2005,2,2003,0.50558896236415,NA,NA,NA,TRUE
"extinction","constant observation effort",34,"Effort_fixed_alpha",2005,2,2003,0.575,NA,NA,NA,TRUE
"extinction","constant observation effort",35,"Solow",2005,7,2004,0.226984950579949,2014,9,9,FALSE
"extinction","constant observation effort",35,"Kodikara",2005,7,2004,0.213811947451951,2013,8,8,FALSE
"extinction","constant observation effort",35,"Effort_fixed_alpha",2005,7,2004,0.226984950700571,2014,9,9,FALSE
"extinction","constant observation effort",36,"Solow",2005,6,1995,0.0360106698270354,2002,-3,3,FALSE
"extinction","constant observation effort",36,"Kodikara",2005,6,1995,0.0434461908158087,2001,-4,4,FALSE
"extinction","constant observation effort",36,"Effort_fixed_alpha",2005,6,1995,0.0360106698280972,2002,-3,3,FALSE
"extinction","constant observation effort",37,"Solow",2005,4,2002,0.374507597278777,2015,10,10,FALSE
"extinction","constant observation effort",37,"Kodikara",2005,4,2002,0.00970768557154366,2005,0,0,FALSE
"extinction","constant observation effort",37,"Effort_fixed_alpha",2005,4,2002,0.37450759707372,2015,10,10,FALSE
"extinction","constant observation effort",38,"Solow",2005,4,2002,0.374507597278777,2015,10,10,FALSE
"extinction","constant observation effort",38,"Kodikara",2005,4,2002,0.132818285083672,2009,4,4,FALSE
"extinction","constant observation effort",38,"Effort_fixed_alpha",2005,4,2002,0.37450759707372,2015,10,10,FALSE
"extinction","constant observation effort",39,"Solow",2005,4,2002,0.374507597278777,2015,10,10,FALSE
"extinction","constant observation effort",39,"Kodikara",2005,4,2002,NA,NA,NA,NA,TRUE
"extinction","constant observation effort",39,"Effort_fixed_alpha",2005,4,2002,NA,NA,NA,NA,TRUE
"extinction","constant observation effort",40,"Solow",2005,4,2002,0.374507597278777,2015,10,10,FALSE
"extinction","constant observation effort",40,"Kodikara",2005,4,2002,0.481354707037818,2019,14,14,FALSE
"extinction","constant observation effort",40,"Effort_fixed_alpha",2005,4,2002,0.37450759707372,2015,10,10,FALSE
"extinction","constant observation effort",41,"Solow",2005,3,2001,0.432141107079679,2017,12,12,FALSE
"extinction","constant observation effort",41,"Kodikara",2005,3,2001,NA,NA,NA,NA,TRUE
"extinction","constant observation effort",41,"Effort_fixed_alpha",2005,3,2001,NA,NA,NA,NA,TRUE
"extinction","constant observation effort",42,"Solow",2005,3,2003,0.496946923322228,2020,15,15,FALSE
"extinction","constant observation effort",42,"Kodikara",2005,3,2003,0.371846145102135,2015,10,10,FALSE
"extinction","constant observation effort",42,"Effort_fixed_alpha",2005,3,2003,0.496946923438234,2020,15,15,FALSE
"extinction","constant observation effort",43,"Solow",2005,5,2000,0.210526315655962,2010,5,5,FALSE
"extinction","constant observation effort",43,"Kodikara",2005,5,2000,NA,NA,NA,NA,TRUE
"extinction","constant observation effort",43,"Effort_fixed_alpha",2005,5,2000,NA,NA,NA,NA,TRUE
"extinction","constant observation effort",44,"Solow",2005,3,2004,0.529411764584833,NA,NA,NA,TRUE
"extinction","constant observation effort",44,"Kodikara",2005,3,2004,0.39350656668846,2016,11,11,FALSE
"extinction","constant observation effort",44,"Effort_fixed_alpha",2005,3,2004,0.529411764705882,NA,NA,NA,TRUE
"extinction","constant observation effort",45,"Solow",2005,2,1988,0.199999999850068,1997,-8,8,FALSE
"extinction","constant observation effort",45,"Kodikara",2005,2,1988,0.210428947809779,1993,-12,12,FALSE
"extinction","constant observation effort",45,"Effort_fixed_alpha",2005,2,1988,0.199999999999996,1996,-9,9,FALSE
"extinction","constant observation effort",46,"Solow",2005,4,2004,0.452513966691796,2019,14,14,FALSE
"extinction","constant observation effort",46,"Kodikara",2005,4,2004,0.44073399509522,2018,13,13,FALSE
"extinction","constant observation effort",46,"Effort_fixed_alpha",2005,4,2004,0.452513966480447,2019,14,14,FALSE
"extinction","constant observation effort",47,"Solow",2005,4,2004,0.452513966691796,2019,14,14,FALSE
"extinction","constant observation effort",47,"Kodikara",2005,4,2004,0.352730431628374,2015,10,10,FALSE
"extinction","constant observation effort",47,"Effort_fixed_alpha",2005,4,2004,0.452513966480447,2019,14,14,FALSE
"extinction","constant observation effort",48,"Solow",2005,3,2002,0.464491362681942,2019,14,14,FALSE
"extinction","constant observation effort",48,"Kodikara",2005,3,2002,0.555807070084954,NA,NA,NA,TRUE
"extinction","constant observation effort",48,"Effort_fixed_alpha",2005,3,2002,0.464491362763916,2019,14,14,FALSE
"extinction","constant observation effort",49,"Solow",2005,7,2002,0.14589193291822,2011,6,6,FALSE
"extinction","constant observation effort",49,"Kodikara",2005,7,2002,NA,NA,NA,NA,TRUE
"extinction","constant observation effort",49,"Effort_fixed_alpha",2005,7,2002,NA,NA,NA,NA,TRUE
"extinction","constant observation effort",50,"Solow",2005,3,2000,0.399999999928732,2015,10,10,FALSE
"extinction","constant observation effort",50,"Kodikara",2005,3,2000,0.494742424571048,2020,15,15,FALSE
"extinction","constant observation effort",50,"Effort_fixed_alpha",2005,3,2000,0.4,2015,10,10,FALSE
"extinction","constant observation effort",51,"Solow",2005,3,2001,0.432141107079679,2017,12,12,FALSE
"extinction","constant observation effort",51,"Kodikara",2005,3,2001,0.513907916056905,NA,NA,NA,TRUE
"extinction","constant observation effort",51,"Effort_fixed_alpha",2005,3,2001,0.432141107300343,2017,12,12,FALSE
"extinction","constant observation effort",52,"Solow",2005,4,2000,0.30000000016619,2012,7,7,FALSE
"extinction","constant observation effort",52,"Kodikara",2005,4,2000,0.433073888382342,2016,11,11,FALSE
"extinction","constant observation effort",52,"Effort_fixed_alpha",2005,4,2000,0.3,2012,7,7,FALSE
"extinction","constant observation effort",53,"Solow",2005,6,2004,0.296558457404214,2015,10,10,FALSE
"extinction","constant observation effort",53,"Kodikara",2005,6,2004,NA,NA,NA,NA,TRUE
"extinction","constant observation effort",53,"Effort_fixed_alpha",2005,6,2004,NA,NA,NA,NA,TRUE
"extinction","constant observation effort",54,"Solow",2005,3,1983,0.0111870727107323,1986,-19,19,FALSE
"extinction","constant observation effort",54,"Kodikara",2005,3,1983,0.123788237129238,1985,-20,20,FALSE
"extinction","constant observation effort",54,"Effort_fixed_alpha",2005,3,1983,0.0111870727159726,1986,-19,19,FALSE
"extinction","constant observation effort",55,"Solow",2005,2,2001,0.524999999520004,NA,NA,NA,TRUE
"extinction","constant observation effort",55,"Kodikara",2005,2,2001,0.304145472374557,2010,5,5,FALSE
"extinction","constant observation effort",55,"Effort_fixed_alpha",2005,2,2001,0.525,NA,NA,NA,TRUE
"extinction","constant observation effort",56,"Solow",2005,4,2000,0.30000000016619,2012,7,7,FALSE
"extinction","constant observation effort",56,"Kodikara",2005,4,2000,0.370350994888934,2013,8,8,FALSE
"extinction","constant observation effort",56,"Effort_fixed_alpha",2005,4,2000,0.3,2012,7,7,FALSE
"extinction","constant observation effort",57,"Solow",2005,5,2002,0.287186830322261,2013,8,8,FALSE
"extinction","constant observation effort",57,"Kodikara",2005,5,2002,NA,NA,NA,NA,TRUE
"extinction","constant observation effort",57,"Effort_fixed_alpha",2005,5,2002,NA,NA,NA,NA,TRUE
"extinction","constant observation effort",58,"Solow",2005,3,2001,0.432141107079679,2017,12,12,FALSE
"extinction","constant observation effort",58,"Kodikara",2005,3,2001,0.489791166631929,2020,15,15,FALSE
"extinction","constant observation effort",58,"Effort_fixed_alpha",2005,3,2001,0.432141107300343,2017,12,12,FALSE
"extinction","constant observation effort",59,"Solow",2005,6,2004,0.296558457404214,2015,10,10,FALSE
"extinction","constant observation effort",59,"Kodikara",2005,6,2004,0.26451716268488,2013,8,8,FALSE
"extinction","constant observation effort",59,"Effort_fixed_alpha",2005,6,2004,0.29655845740786,2015,10,10,FALSE
"extinction","constant observation effort",60,"Solow",2005,2,1993,0.3249999999801,2007,2,2,FALSE
"extinction","constant observation effort",60,"Kodikara",2005,2,1993,0.470122277460882,2015,10,10,FALSE
"extinction","constant observation effort",60,"Effort_fixed_alpha",2005,2,1993,0.325,2006,1,1,FALSE
"extinction","constant observation effort",61,"Solow",2005,4,2004,0.452513966691796,2019,14,14,FALSE
"extinction","constant observation effort",61,"Kodikara",2005,4,2004,0.456934699819538,2018,13,13,FALSE
"extinction","constant observation effort",61,"Effort_fixed_alpha",2005,4,2004,0.452513966480447,2019,14,14,FALSE
"extinction","constant observation effort",62,"Solow",2005,4,2001,0.336673856661248,2014,9,9,FALSE
"extinction","constant observation effort",62,"Kodikara",2005,4,2001,0.220326511848441,2010,5,5,FALSE
"extinction","constant observation effort",62,"Effort_fixed_alpha",2005,4,2001,0.336673856668525,2014,9,9,FALSE
"extinction","constant observation effort",63,"Solow",2005,6,2004,0.296558457404214,2015,10,10,FALSE
"extinction","constant observation effort",63,"Kodikara",2005,6,2004,0.522131836804521,NA,NA,NA,TRUE
"extinction","constant observation effort",63,"Effort_fixed_alpha",2005,6,2004,0.29655845740786,2015,10,10,FALSE
"extinction","constant observation effort",64,"Solow",2005,3,1993,0.191068400111455,2003,-2,2,FALSE
"extinction","constant observation effort",64,"Kodikara",2005,3,1993,0.0215952659340293,1996,-9,9,FALSE
"extinction","constant observation effort",64,"Effort_fixed_alpha",2005,3,1993,0.191068400226116,2003,-2,2,FALSE
"extinction","constant observation effort",65,"Solow",2005,2,1996,0.399999999364327,2013,8,8,FALSE
"extinction","constant observation effort",65,"Kodikara",2005,2,1996,0.427300574136649,2012,7,7,FALSE
"extinction","constant observation effort",65,"Effort_fixed_alpha",2005,2,1996,0.4,2012,7,7,FALSE
"extinction","constant observation effort",66,"Solow",2005,6,1999,0.11024051988071,2008,3,3,FALSE
"extinction","constant observation effort",66,"Kodikara",2005,6,1999,0.125197800196978,2007,2,2,FALSE
"extinction","constant observation effort",66,"Effort_fixed_alpha",2005,6,1999,0.110240519881341,2008,3,3,FALSE
"extinction","constant observation effort",67,"Solow",2005,3,2001,0.432141107079679,2017,12,12,FALSE
"extinction","constant observation effort",67,"Kodikara",2005,3,2001,0.084146976805648,2006,1,1,FALSE
"extinction","constant observation effort",67,"Effort_fixed_alpha",2005,3,2001,0.432141107300343,2017,12,12,FALSE
"extinction","constant observation effort",68,"Solow",2005,2,1999,0.474999999934083,2019,14,14,FALSE
"extinction","constant observation effort",68,"Kodikara",2005,2,1999,0.0843014819256843,2003,-2,2,FALSE
"extinction","constant observation effort",68,"Effort_fixed_alpha",2005,2,1999,0.475,2018,13,13,FALSE
"extinction","constant observation effort",69,"Solow",2005,2,1995,0.374999999608289,2011,6,6,FALSE
"extinction","constant observation effort",69,"Kodikara",2005,2,1995,0.326806129427536,2006,1,1,FALSE
"extinction","constant observation effort",69,"Effort_fixed_alpha",2005,2,1995,0.375,2010,5,5,FALSE
"extinction","constant observation effort",70,"Solow",2005,2,1985,0.124999999976716,1991,-14,14,FALSE
"extinction","constant observation effort",70,"Kodikara",2005,2,1985,0.266289631386851,1990,-15,15,FALSE
"extinction","constant observation effort",70,"Effort_fixed_alpha",2005,2,1985,0.124999999995856,1990,-15,15,FALSE
"extinction","constant observation effort",71,"Solow",2005,4,2002,0.374507597278777,2015,10,10,FALSE
"extinction","constant observation effort",71,"Kodikara",2005,4,2002,0.312023945763319,2013,8,8,FALSE
"extinction","constant observation effort",71,"Effort_fixed_alpha",2005,4,2002,0.37450759707372,2015,10,10,FALSE
"extinction","constant observation effort",72,"Solow",2005,3,1996,0.275862068888683,2008,3,3,FALSE
"extinction","constant observation effort",72,"Kodikara",2005,3,1996,0.238120962698971,2005,0,0,FALSE
"extinction","constant observation effort",72,"Effort_fixed_alpha",2005,3,1996,0.275862068965517,2008,3,3,FALSE
"extinction","constant observation effort",73,"Solow",2005,9,2004,0.120233099376469,2012,7,7,FALSE
"extinction","constant observation effort",73,"Kodikara",2005,9,2004,0.0758721939283639,2010,5,5,FALSE
"extinction","constant observation effort",73,"Effort_fixed_alpha",2005,9,2004,0.120233099378768,2012,7,7,FALSE
"extinction","constant observation effort",74,"Solow",2005,4,1996,0.170212766069625,2006,1,1,FALSE
"extinction","constant observation effort",74,"Kodikara",2005,4,1996,0.353860011499249,2009,4,4,FALSE
"extinction","constant observation effort",74,"Effort_fixed_alpha",2005,4,1996,0.170212765957447,2006,1,1,FALSE
"extinction","constant observation effort",75,"Solow",2005,5,2004,0.373271889406011,2016,11,11,FALSE
"extinction","constant observation effort",75,"Kodikara",2005,5,2004,NA,NA,NA,NA,TRUE
"extinction","constant observation effort",75,"Effort_fixed_alpha",2005,5,2004,NA,NA,NA,NA,TRUE
"extinction","constant observation effort",76,"Solow",2005,2,1994,0.350000017197121,2009,4,4,FALSE
"extinction","constant observation effort",76,"Kodikara",2005,2,1994,0.13611658964534,1999,-6,6,FALSE
"extinction","constant observation effort",76,"Effort_fixed_alpha",2005,2,1994,0.35,2008,3,3,FALSE
"extinction","constant observation effort",77,"Solow",2005,4,1997,0.199645111599584,2007,2,2,FALSE
"extinction","constant observation effort",77,"Kodikara",2005,4,1997,0.0352220590175725,2002,-3,3,FALSE
"extinction","constant observation effort",77,"Effort_fixed_alpha",2005,4,1997,0.199645111478341,2007,2,2,FALSE
"extinction","constant observation effort",78,"Solow",2005,5,2004,0.373271889406011,2016,11,11,FALSE
"extinction","constant observation effort",78,"Kodikara",2005,5,2004,NA,NA,NA,NA,TRUE
"extinction","constant observation effort",78,"Effort_fixed_alpha",2005,5,2004,NA,NA,NA,NA,TRUE
"extinction","constant observation effort",79,"Solow",2005,5,1998,0.146057222978954,2007,2,2,FALSE
"extinction","constant observation effort",79,"Kodikara",2005,5,1998,0.290113242748222,2009,4,4,FALSE
"extinction","constant observation effort",79,"Effort_fixed_alpha",2005,5,1998,0.14605722299828,2007,2,2,FALSE
"extinction","constant observation effort",80,"Solow",2005,3,1996,0.275862068888683,2008,3,3,FALSE
"extinction","constant observation effort",80,"Kodikara",2005,3,1996,0.285616580145597,2006,1,1,FALSE
"extinction","constant observation effort",80,"Effort_fixed_alpha",2005,3,1996,0.275862068965517,2008,3,3,FALSE
"extinction","increasing observation effort",1,"Solow",2005,11,2004,0.0573454613154728,2011,6,6,FALSE
"extinction","increasing observation effort",1,"Kodikara",2005,11,2004,0.024690116890291,2009,4,4,FALSE
"extinction","increasing observation effort",1,"Effort_fixed_alpha",2005,11,2004,0.00126730146582542,2009,4,4,FALSE
"extinction","increasing observation effort",2,"Solow",2005,6,2003,0.25113443034043,2013,8,8,FALSE
"extinction","increasing observation effort",2,"Kodikara",2005,6,2003,0.193123064663782,2011,6,6,FALSE
"extinction","increasing observation effort",2,"Effort_fixed_alpha",2005,6,2003,0.0416317073335046,2010,5,5,FALSE
"extinction","increasing observation effort",3,"Solow",2005,8,2004,0.167775378739336,2013,8,8,FALSE
"extinction","increasing observation effort",3,"Kodikara",2005,8,2004,0.0336035601315929,2009,4,4,FALSE
"extinction","increasing observation effort",3,"Effort_fixed_alpha",2005,8,2004,0.0140810617040632,2010,5,5,FALSE
"extinction","increasing observation effort",4,"Solow",2005,7,2004,0.226984950579949,2014,9,9,FALSE
"extinction","increasing observation effort",4,"Kodikara",2005,7,2004,0.174740673635642,2012,7,7,FALSE
"extinction","increasing observation effort",4,"Effort_fixed_alpha",2005,7,2004,0.0301224729427311,2010,5,5,FALSE
"extinction","increasing observation effort",5,"Solow",2005,7,2002,0.14589193291822,2011,6,6,FALSE
"extinction","increasing observation effort",5,"Kodikara",2005,7,2002,0.111301737738597,2009,4,4,FALSE
"extinction","increasing observation effort",5,"Effort_fixed_alpha",2005,7,2002,0.0111739812658396,2008,3,3,FALSE
"extinction","increasing observation effort",6,"Solow",2005,7,2003,0.183660541017797,2012,7,7,FALSE
"extinction","increasing observation effort",6,"Kodikara",2005,7,2003,0.049762185729985,2009,4,4,FALSE
"extinction","increasing observation effort",6,"Effort_fixed_alpha",2005,7,2003,0.018585148042219,2009,4,4,FALSE
"extinction","increasing observation effort",7,"Solow",2005,7,2004,0.226984950579949,2014,9,9,FALSE
"extinction","increasing observation effort",7,"Kodikara",2005,7,2004,0.187091345876827,2012,7,7,FALSE
"extinction","increasing observation effort",7,"Effort_fixed_alpha",2005,7,2004,0.0301224729427311,2010,5,5,FALSE
"extinction","increasing observation effort",8,"Solow",2005,8,2003,0.129342343189064,2011,6,6,FALSE
"extinction","increasing observation effort",8,"Kodikara",2005,8,2003,0.115868379608967,2010,5,5,FALSE
"extinction","increasing observation effort",8,"Effort_fixed_alpha",2005,8,2003,0.0080061622480817,2009,4,4,FALSE
"extinction","increasing observation effort",9,"Solow",2005,10,2004,0.0839324946710589,2011,6,6,FALSE
"extinction","increasing observation effort",9,"Kodikara",2005,10,2004,0.00562768385348584,2008,3,3,FALSE
"extinction","increasing observation effort",9,"Effort_fixed_alpha",2005,10,2004,0.00286976003348115,2009,4,4,FALSE
"extinction","increasing observation effort",10,"Solow",2005,5,2003,0.329270900440851,2015,10,10,FALSE
"extinction","increasing observation effort",10,"Kodikara",2005,5,2003,0.225836723141043,2012,7,7,FALSE
"extinction","increasing observation effort",10,"Effort_fixed_alpha",2005,5,2003,0.0882156524116602,2011,6,6,FALSE
"extinction","increasing observation effort",11,"Solow",2005,5,2003,0.329270900440851,2015,10,10,FALSE
"extinction","increasing observation effort",11,"Kodikara",2005,5,2003,0.0857238913960144,2009,4,4,FALSE
"extinction","increasing observation effort",11,"Effort_fixed_alpha",2005,5,2003,0.0882156524116602,2011,6,6,FALSE
"extinction","increasing observation effort",12,"Solow",2005,10,2004,0.0839324946710589,2011,6,6,FALSE
"extinction","increasing observation effort",12,"Kodikara",2005,10,2004,0.0651790175545583,2010,5,5,FALSE
"extinction","increasing observation effort",12,"Effort_fixed_alpha",2005,10,2004,0.00286976003348115,2009,4,4,FALSE
"extinction","increasing observation effort",13,"Solow",2005,7,2004,0.226984950579949,2014,9,9,FALSE
"extinction","increasing observation effort",13,"Kodikara",2005,7,2004,0.095053120286538,2011,6,6,FALSE
"extinction","increasing observation effort",13,"Effort_fixed_alpha",2005,7,2004,0.0301224729427311,2010,5,5,FALSE
"extinction","increasing observation effort",14,"Solow",2005,5,2001,0.247475141062342,2012,7,7,FALSE
"extinction","increasing observation effort",14,"Kodikara",2005,5,2001,0.198857373892442,2010,5,5,FALSE
"extinction","increasing observation effort",14,"Effort_fixed_alpha",2005,5,2001,0.0443776618129503,2008,3,3,FALSE
"extinction","increasing observation effort",15,"Solow",2005,8,2004,0.167775378739336,2013,8,8,FALSE
"extinction","increasing observation effort",15,"Kodikara",2005,8,2004,0.0892870216296483,2011,6,6,FALSE
"extinction","increasing observation effort",15,"Effort_fixed_alpha",2005,8,2004,0.0140810617040632,2010,5,5,FALSE
"extinction","increasing observation effort",16,"Solow",2005,12,2004,0.0385105256249653,2011,6,6,FALSE
"extinction","increasing observation effort",16,"Kodikara",2005,12,2004,0.0266846368490306,2009,4,4,FALSE
"extinction","increasing observation effort",16,"Effort_fixed_alpha",2005,12,2004,0.000554056398950379,2008,3,3,FALSE
"extinction","increasing observation effort",17,"Solow",2005,6,2004,0.296558457404214,2015,10,10,FALSE
"extinction","increasing observation effort",17,"Kodikara",2005,6,2004,0.0701886846781804,2010,5,5,FALSE
"extinction","increasing observation effort",17,"Effort_fixed_alpha",2005,6,2004,0.0619782760436871,2011,6,6,FALSE
"extinction","increasing observation effort",18,"Solow",2005,12,2004,0.0385105256249653,2011,6,6,FALSE
"extinction","increasing observation effort",18,"Kodikara",2005,12,2004,0.00343393331718384,2008,3,3,FALSE
"extinction","increasing observation effort",18,"Effort_fixed_alpha",2005,12,2004,0.000554056398950379,2008,3,3,FALSE
"extinction","increasing observation effort",19,"Solow",2005,6,2002,0.209472494106858,2012,7,7,FALSE
"extinction","increasing observation effort",19,"Kodikara",2005,6,2002,0.175959484967761,2010,5,5,FALSE
"extinction","increasing observation effort",19,"Effort_fixed_alpha",2005,6,2002,0.0272901108567525,2009,4,4,FALSE
"extinction","increasing observation effort",20,"Solow",2005,7,2003,0.183660541017797,2012,7,7,FALSE
"extinction","increasing observation effort",20,"Kodikara",2005,7,2003,0.153184905516315,2011,6,6,FALSE
"extinction","increasing observation effort",20,"Effort_fixed_alpha",2005,7,2003,0.0185851480422189,2009,4,4,FALSE
"extinction","increasing observation effort",21,"Solow",2005,10,2004,0.0839324946710589,2011,6,6,FALSE
"extinction","increasing observation effort",21,"Kodikara",2005,10,2004,0.0484203344427847,2010,5,5,FALSE
"extinction","increasing observation effort",21,"Effort_fixed_alpha",2005,10,2004,0.00286976003348115,2009,4,4,FALSE
"extinction","increasing observation effort",22,"Solow",2005,4,1996,0.170212766069625,2006,1,1,FALSE
"extinction","increasing observation effort",22,"Kodikara",2005,4,1996,0.0863390953244542,2002,-3,3,FALSE
"extinction","increasing observation effort",22,"Effort_fixed_alpha",2005,4,1996,0.0207744674546972,2002,-3,3,FALSE
"extinction","increasing observation effort",23,"Solow",2005,8,2002,0.0976504749695193,2010,5,5,FALSE
"extinction","increasing observation effort",23,"Kodikara",2005,8,2002,NA,NA,NA,NA,TRUE
"extinction","increasing observation effort",23,"Effort_fixed_alpha",2005,8,2002,NA,NA,NA,NA,TRUE
"extinction","increasing observation effort",24,"Solow",2005,8,2004,0.167775378739336,2013,8,8,FALSE
"extinction","increasing observation effort",24,"Kodikara",2005,8,2004,0.0929249194269301,2011,6,6,FALSE
"extinction","increasing observation effort",24,"Effort_fixed_alpha",2005,8,2004,0.0140810617040632,2010,5,5,FALSE
"extinction","increasing observation effort",25,"Solow",2005,11,2004,0.0573454613154728,2011,6,6,FALSE
"extinction","increasing observation effort",25,"Kodikara",2005,11,2004,0.0408520047609166,2010,5,5,FALSE
"extinction","increasing observation effort",25,"Effort_fixed_alpha",2005,11,2004,0.00126730146582542,2009,4,4,FALSE
"extinction","increasing observation effort",26,"Solow",2005,10,2004,0.0839324946710589,2011,6,6,FALSE
"extinction","increasing observation effort",26,"Kodikara",2005,10,2004,0.113937218681661,2011,6,6,FALSE
"extinction","increasing observation effort",26,"Effort_fixed_alpha",2005,10,2004,0.00286976003348115,2009,4,4,FALSE
"extinction","increasing observation effort",27,"Solow",2005,8,2004,0.167775378739336,2013,8,8,FALSE
"extinction","increasing observation effort",27,"Kodikara",2005,8,2004,0.0375441727759369,2009,4,4,FALSE
"extinction","increasing observation effort",27,"Effort_fixed_alpha",2005,8,2004,0.0140810617040632,2010,5,5,FALSE
"extinction","increasing observation effort",28,"Solow",2005,5,2004,0.373271889406011,2016,11,11,FALSE
"extinction","increasing observation effort",28,"Kodikara",2005,5,2004,0.255435374285776,2013,8,8,FALSE
"extinction","increasing observation effort",28,"Effort_fixed_alpha",2005,5,2004,0.120233099378768,2012,7,7,FALSE
"extinction","increasing observation effort",29,"Solow",2005,10,2002,0.0399754851479493,2009,4,4,FALSE
"extinction","increasing observation effort",29,"Kodikara",2005,10,2002,0.00225209083317589,2006,1,1,FALSE
"extinction","increasing observation effort",29,"Effort_fixed_alpha",2005,10,2002,0.000655159081505809,2007,2,2,FALSE
"extinction","increasing observation effort",30,"Solow",2005,10,2004,0.0839324946710589,2011,6,6,FALSE
"extinction","increasing observation effort",30,"Kodikara",2005,10,2004,0.00495838933750482,2008,3,3,FALSE
"extinction","increasing observation effort",30,"Effort_fixed_alpha",2005,10,2004,0.00286976003348115,2009,4,4,FALSE
"extinction","increasing observation effort",31,"Solow",2005,8,2003,0.129342343189064,2011,6,6,FALSE
"extinction","increasing observation effort",31,"Kodikara",2005,8,2003,0.0533881437234978,2009,4,4,FALSE
"extinction","increasing observation effort",31,"Effort_fixed_alpha",2005,8,2003,0.0080061622480817,2009,4,4,FALSE
"extinction","increasing observation effort",32,"Solow",2005,8,2003,0.129342343189064,2011,6,6,FALSE
"extinction","increasing observation effort",32,"Kodikara",2005,8,2003,0.0737727320654546,2009,4,4,FALSE
"extinction","increasing observation effort",32,"Effort_fixed_alpha",2005,8,2003,0.0080061622480817,2009,4,4,FALSE
"extinction","increasing observation effort",33,"Solow",2005,7,2003,0.183660541017797,2012,7,7,FALSE
"extinction","increasing observation effort",33,"Kodikara",2005,7,2003,0.0726326028292711,2009,4,4,FALSE
"extinction","increasing observation effort",33,"Effort_fixed_alpha",2005,7,2003,0.018585148042219,2009,4,4,FALSE
"extinction","increasing observation effort",34,"Solow",2005,8,2004,0.167775378739336,2013,8,8,FALSE
"extinction","increasing observation effort",34,"Kodikara",2005,8,2004,0.0158192687595886,2009,4,4,FALSE
"extinction","increasing observation effort",34,"Effort_fixed_alpha",2005,8,2004,0.0140810617040632,2010,5,5,FALSE
"extinction","increasing observation effort",35,"Solow",2005,9,2004,0.120233099376469,2012,7,7,FALSE
"extinction","increasing observation effort",35,"Kodikara",2005,9,2004,0.0637216735849856,2010,5,5,FALSE
"extinction","increasing observation effort",35,"Effort_fixed_alpha",2005,9,2004,0.00641405147511721,2009,4,4,FALSE
"extinction","increasing observation effort",36,"Solow",2005,10,2004,0.0839324946710589,2011,6,6,FALSE
"extinction","increasing observation effort",36,"Kodikara",2005,10,2004,0.0989263816287569,2011,6,6,FALSE
"extinction","increasing observation effort",36,"Effort_fixed_alpha",2005,10,2004,0.00286976003348115,2009,4,4,FALSE
"extinction","increasing observation effort",37,"Solow",2005,11,2003,0.0381508818502361,2010,5,5,FALSE
"extinction","increasing observation effort",37,"Kodikara",2005,11,2003,0.0128093221688949,2008,3,3,FALSE
"extinction","increasing observation effort",37,"Effort_fixed_alpha",2005,11,2003,0.000569742991399367,2007,2,2,FALSE
"extinction","increasing observation effort",38,"Solow",2005,9,2004,0.120233099376469,2012,7,7,FALSE
"extinction","increasing observation effort",38,"Kodikara",2005,9,2004,0.178060412319967,2012,7,7,FALSE
"extinction","increasing observation effort",38,"Effort_fixed_alpha",2005,9,2004,0.00641405147511721,2009,4,4,FALSE
"extinction","increasing observation effort",39,"Solow",2005,11,2004,0.0573454613154728,2011,6,6,FALSE
"extinction","increasing observation effort",39,"Kodikara",2005,11,2004,0.0111648927185021,2009,4,4,FALSE
"extinction","increasing observation effort",39,"Effort_fixed_alpha",2005,11,2004,0.00126730146582542,2009,4,4,FALSE
"extinction","increasing observation effort",40,"Solow",2005,8,2004,0.167775378739336,2013,8,8,FALSE
"extinction","increasing observation effort",40,"Kodikara",2005,8,2004,0.0164134689719609,2009,4,4,FALSE
"extinction","increasing observation effort",40,"Effort_fixed_alpha",2005,8,2004,0.0140810617040632,2010,5,5,FALSE
"extinction","increasing observation effort",41,"Solow",2005,10,2003,0.0586157480898583,2010,5,5,FALSE
"extinction","increasing observation effort",41,"Kodikara",2005,10,2003,0.00339707161986403,2007,2,2,FALSE
"extinction","increasing observation effort",41,"Effort_fixed_alpha",2005,10,2003,0.00139390171636796,2008,3,3,FALSE
"extinction","increasing observation effort",42,"Solow",2005,9,2003,0.0882156524090715,2011,6,6,FALSE
"extinction","increasing observation effort",42,"Kodikara",2005,9,2003,NA,NA,NA,NA,TRUE
"extinction","increasing observation effort",42,"Effort_fixed_alpha",2005,9,2003,NA,NA,NA,NA,TRUE
"extinction","increasing observation effort",43,"Solow",2005,9,2003,0.0882156524090715,2011,6,6,FALSE
"extinction","increasing observation effort",43,"Kodikara",2005,9,2003,0.0428114228271746,2009,4,4,FALSE
"extinction","increasing observation effort",43,"Effort_fixed_alpha",2005,9,2003,0.00336841838718026,2008,3,3,FALSE
"extinction","increasing observation effort",44,"Solow",2005,6,2002,0.209472494106858,2012,7,7,FALSE
"extinction","increasing observation effort",44,"Kodikara",2005,6,2002,0.0895521302893575,2009,4,4,FALSE
"extinction","increasing observation effort",44,"Effort_fixed_alpha",2005,6,2002,0.0272901108567525,2009,4,4,FALSE
"extinction","increasing observation effort",45,"Solow",2005,7,2004,0.226984950579949,2014,9,9,FALSE
"extinction","increasing observation effort",45,"Kodikara",2005,7,2004,NA,NA,NA,NA,TRUE
"extinction","increasing observation effort",45,"Effort_fixed_alpha",2005,7,2004,NA,NA,NA,NA,TRUE
"extinction","increasing observation effort",46,"Solow",2005,7,2003,0.183660541017797,2012,7,7,FALSE
"extinction","increasing observation effort",46,"Kodikara",2005,7,2003,0.136099013004076,2011,6,6,FALSE
"extinction","increasing observation effort",46,"Effort_fixed_alpha",2005,7,2003,0.0185851480422189,2009,4,4,FALSE
"extinction","increasing observation effort",47,"Solow",2005,9,2004,0.120233099376469,2012,7,7,FALSE
"extinction","increasing observation effort",47,"Kodikara",2005,9,2004,0.0670033682627286,2010,5,5,FALSE
"extinction","increasing observation effort",47,"Effort_fixed_alpha",2005,9,2004,0.00641405147511721,2009,4,4,FALSE
"extinction","increasing observation effort",48,"Solow",2005,6,2002,0.209472494106858,2012,7,7,FALSE
"extinction","increasing observation effort",48,"Kodikara",2005,6,2002,0.107935675067467,2009,4,4,FALSE
"extinction","increasing observation effort",48,"Effort_fixed_alpha",2005,6,2002,0.0272901108567525,2009,4,4,FALSE
"extinction","increasing observation effort",49,"Solow",2005,8,2003,0.129342343189064,2011,6,6,FALSE
"extinction","increasing observation effort",49,"Kodikara",2005,8,2003,0.0848780132150833,2010,5,5,FALSE
"extinction","increasing observation effort",49,"Effort_fixed_alpha",2005,8,2003,0.0080061622480817,2009,4,4,FALSE
"extinction","increasing observation effort",50,"Solow",2005,8,2004,0.167775378739336,2013,8,8,FALSE
"extinction","increasing observation effort",50,"Kodikara",2005,8,2004,0.125588010077507,2011,6,6,FALSE
"extinction","increasing observation effort",50,"Effort_fixed_alpha",2005,8,2004,0.0140810617040632,2010,5,5,FALSE
"extinction","increasing observation effort",51,"Solow",2005,12,2004,0.0385105256249653,2011,6,6,FALSE
"extinction","increasing observation effort",51,"Kodikara",2005,12,2004,0.0232222190189049,2009,4,4,FALSE
"extinction","increasing observation effort",51,"Effort_fixed_alpha",2005,12,2004,0.000554056398950379,2008,3,3,FALSE
"extinction","increasing observation effort",52,"Solow",2005,9,2004,0.120233099376469,2012,7,7,FALSE
"extinction","increasing observation effort",52,"Kodikara",2005,9,2004,0.0598302935591568,2010,5,5,FALSE
"extinction","increasing observation effort",52,"Effort_fixed_alpha",2005,9,2004,0.00641405147511721,2009,4,4,FALSE
"extinction","increasing observation effort",53,"Solow",2005,11,2004,0.0573454613154728,2011,6,6,FALSE
"extinction","increasing observation effort",53,"Kodikara",2005,11,2004,0.010821090547529,2009,4,4,FALSE
"extinction","increasing observation effort",53,"Effort_fixed_alpha",2005,11,2004,0.00126730146582542,2009,4,4,FALSE
"extinction","increasing observation effort",54,"Solow",2005,9,2002,0.0632781785593346,2009,4,4,FALSE
"extinction","increasing observation effort",54,"Kodikara",2005,9,2002,0.112028653902679,2010,5,5,FALSE
"extinction","increasing observation effort",54,"Effort_fixed_alpha",2005,9,2002,0.00171656187076706,2007,2,2,FALSE
"extinction","increasing observation effort",55,"Solow",2005,6,2004,0.296558457404214,2015,10,10,FALSE
"extinction","increasing observation effort",55,"Kodikara",2005,6,2004,0.0416881776665341,2009,4,4,FALSE
"extinction","increasing observation effort",55,"Effort_fixed_alpha",2005,6,2004,0.0619782760436871,2011,6,6,FALSE
"extinction","increasing observation effort",56,"Solow",2005,4,2004,0.452513966691796,2019,14,14,FALSE
"extinction","increasing observation effort",56,"Kodikara",2005,4,2004,0.352314408782804,2015,10,10,FALSE
"extinction","increasing observation effort",56,"Effort_fixed_alpha",2005,4,2004,0.214243824041151,2013,8,8,FALSE
"extinction","increasing observation effort",57,"Solow",2005,7,2004,0.226984950579949,2014,9,9,FALSE
"extinction","increasing observation effort",57,"Kodikara",2005,7,2004,0.180645672742417,2012,7,7,FALSE
"extinction","increasing observation effort",57,"Effort_fixed_alpha",2005,7,2004,0.0301224729427311,2010,5,5,FALSE
"extinction","increasing observation effort",58,"Solow",2005,13,2004,0.0255105480169948,2010,5,5,FALSE
"extinction","increasing observation effort",58,"Kodikara",2005,13,2004,0.0446853934504152,2010,5,5,FALSE
"extinction","increasing observation effort",58,"Effort_fixed_alpha",2005,13,2004,0.000240290343083822,2008,3,3,FALSE
"extinction","increasing observation effort",59,"Solow",2005,9,2004,0.120233099376469,2012,7,7,FALSE
"extinction","increasing observation effort",59,"Kodikara",2005,9,2004,0.0520459159185353,2010,5,5,FALSE
"extinction","increasing observation effort",59,"Effort_fixed_alpha",2005,9,2004,0.00641405147511721,2009,4,4,FALSE
"extinction","increasing observation effort",60,"Solow",2005,8,2002,0.0976504749695193,2010,5,5,FALSE
"extinction","increasing observation effort",60,"Kodikara",2005,8,2002,0.0216489371696494,2007,2,2,FALSE
"extinction","increasing observation effort",60,"Effort_fixed_alpha",2005,8,2002,0.00442773625767585,2007,2,2,FALSE
"extinction","increasing observation effort",61,"Solow",2005,5,2003,0.329270900440851,2015,10,10,FALSE
"extinction","increasing observation effort",61,"Kodikara",2005,5,2003,0.218866551713955,2012,7,7,FALSE
"extinction","increasing observation effort",61,"Effort_fixed_alpha",2005,5,2003,0.0882156524116602,2011,6,6,FALSE
"extinction","increasing observation effort",62,"Solow",2005,14,2004,0.0167169010246679,2010,5,5,FALSE
"extinction","increasing observation effort",62,"Kodikara",2005,14,2004,0.0090423036156689,2009,4,4,FALSE
"extinction","increasing observation effort",62,"Effort_fixed_alpha",2005,14,2004,0.000103521968566533,2008,3,3,FALSE
"extinction","increasing observation effort",63,"Solow",2005,5,2002,0.287186830322261,2013,8,8,FALSE
"extinction","increasing observation effort",63,"Kodikara",2005,5,2002,0.22507098514759,2011,6,6,FALSE
"extinction","increasing observation effort",63,"Effort_fixed_alpha",2005,5,2002,0.0632781785610746,2009,4,4,FALSE
"extinction","increasing observation effort",64,"Solow",2005,12,2004,0.0385105256249653,2011,6,6,FALSE
"extinction","increasing observation effort",64,"Kodikara",2005,12,2004,0.040942186118163,2010,5,5,FALSE
"extinction","increasing observation effort",64,"Effort_fixed_alpha",2005,12,2004,0.000554056398950379,2008,3,3,FALSE
"extinction","increasing observation effort",65,"Solow",2005,11,2004,0.0573454613154728,2011,6,6,FALSE
"extinction","increasing observation effort",65,"Kodikara",2005,11,2004,0.0177884462769378,2009,4,4,FALSE
"extinction","increasing observation effort",65,"Effort_fixed_alpha",2005,11,2004,0.00126730146582542,2009,4,4,FALSE
"extinction","increasing observation effort",66,"Solow",2005,9,2001,0.0443776618132952,2008,3,3,FALSE
"extinction","increasing observation effort",66,"Kodikara",2005,9,2001,0.0415419079176536,2007,2,2,FALSE
"extinction","increasing observation effort",66,"Effort_fixed_alpha",2005,9,2001,0.00084707367831605,2006,1,1,FALSE
"extinction","increasing observation effort",67,"Solow",2005,12,2004,0.0385105256249653,2011,6,6,FALSE
"extinction","increasing observation effort",67,"Kodikara",2005,12,2004,0.0490716875003262,2010,5,5,FALSE
"extinction","increasing observation effort",67,"Effort_fixed_alpha",2005,12,2004,0.000554056398950379,2008,3,3,FALSE
"extinction","increasing observation effort",68,"Solow",2005,3,1984,0.0198019801700216,1987,-18,18,FALSE
"extinction","increasing observation effort",68,"Kodikara",2005,3,1984,NA,NA,NA,NA,TRUE
"extinction","increasing observation effort",68,"Effort_fixed_alpha",2005,3,1984,NA,NA,NA,NA,TRUE
"extinction","increasing observation effort",69,"Solow",2005,10,2004,0.0839324946710589,2011,6,6,FALSE
"extinction","increasing observation effort",69,"Kodikara",2005,10,2004,0.0255500406096979,2009,4,4,FALSE
"extinction","increasing observation effort",69,"Effort_fixed_alpha",2005,10,2004,0.00286976003348115,2009,4,4,FALSE
"extinction","increasing observation effort",70,"Solow",2005,9,2004,0.120233099376469,2012,7,7,FALSE
"extinction","increasing observation effort",70,"Kodikara",2005,9,2004,0.0475731254821284,2010,5,5,FALSE
"extinction","increasing observation effort",70,"Effort_fixed_alpha",2005,9,2004,0.00641405147511721,2009,4,4,FALSE
"extinction","increasing observation effort",71,"Solow",2005,12,2004,0.0385105256249653,2011,6,6,FALSE
"extinction","increasing observation effort",71,"Kodikara",2005,12,2004,0.028721073785781,2010,5,5,FALSE
"extinction","increasing observation effort",71,"Effort_fixed_alpha",2005,12,2004,0.000554056398950379,2008,3,3,FALSE
"extinction","increasing observation effort",72,"Solow",2005,7,2004,0.226984950579949,2014,9,9,FALSE
"extinction","increasing observation effort",72,"Kodikara",2005,7,2004,0.111598603052142,2011,6,6,FALSE
"extinction","increasing observation effort",72,"Effort_fixed_alpha",2005,7,2004,0.0301224729427311,2010,5,5,FALSE
"extinction","increasing observation effort",73,"Solow",2005,9,2004,0.120233099376469,2012,7,7,FALSE
"extinction","increasing observation effort",73,"Kodikara",2005,9,2004,0.0261628327590407,2009,4,4,FALSE
"extinction","increasing observation effort",73,"Effort_fixed_alpha",2005,9,2004,0.00641405147511721,2009,4,4,FALSE
"extinction","increasing observation effort",74,"Solow",2005,8,2004,0.167775378739336,2013,8,8,FALSE
"extinction","increasing observation effort",74,"Kodikara",2005,8,2004,0.0441715507574166,2010,5,5,FALSE
"extinction","increasing observation effort",74,"Effort_fixed_alpha",2005,8,2004,0.0140810617040632,2010,5,5,FALSE
"extinction","increasing observation effort",75,"Solow",2005,11,2003,0.0381508818502361,2010,5,5,FALSE
"extinction","increasing observation effort",75,"Kodikara",2005,11,2003,0.0264324328102378,2009,4,4,FALSE
"extinction","increasing observation effort",75,"Effort_fixed_alpha",2005,11,2003,0.000569742991399367,2007,2,2,FALSE
"extinction","increasing observation effort",76,"Solow",2005,6,2000,0.138888888888197,2009,4,4,FALSE
"extinction","increasing observation effort",76,"Kodikara",2005,6,2000,0.146711371409263,2008,3,3,FALSE
"extinction","increasing observation effort",76,"Effort_fixed_alpha",2005,6,2000,0.0108859402890506,2006,1,1,FALSE
"extinction","increasing observation effort",77,"Solow",2005,8,2004,0.167775378739336,2013,8,8,FALSE
"extinction","increasing observation effort",77,"Kodikara",2005,8,2004,0.0466613792755357,2010,5,5,FALSE
"extinction","increasing observation effort",77,"Effort_fixed_alpha",2005,8,2004,0.0140810617040632,2010,5,5,FALSE
"extinction","increasing observation effort",78,"Solow",2005,7,2002,0.14589193291822,2011,6,6,FALSE
"extinction","increasing observation effort",78,"Kodikara",2005,7,2002,0.0278173057395397,2007,2,2,FALSE
"extinction","increasing observation effort",78,"Effort_fixed_alpha",2005,7,2002,0.0111739812658396,2008,3,3,FALSE
"extinction","increasing observation effort",79,"Solow",2005,7,2004,0.226984950579949,2014,9,9,FALSE
"extinction","increasing observation effort",79,"Kodikara",2005,7,2004,0.138156159622576,2011,6,6,FALSE
"extinction","increasing observation effort",79,"Effort_fixed_alpha",2005,7,2004,0.0301224729427311,2010,5,5,FALSE
"extinction","increasing observation effort",80,"Solow",2005,9,2004,0.120233099376469,2012,7,7,FALSE
"extinction","increasing observation effort",80,"Kodikara",2005,9,2004,0.168545233600615,2012,7,7,FALSE
"extinction","increasing observation effort",80,"Effort_fixed_alpha",2005,9,2004,0.00641405147511721,2009,4,4,FALSE
